"year_cat","MUT","WT","N","f","f_low","f_up"
1990,6,53,59,0.101694915254237,0.0245705480213501,0.178819282487124
1995,17,146,163,0.104294478527607,0.0573725824468693,0.151216374608345
2000,61,494,555,0.10990990990991,0.083887651296674,0.135932168523146
2005,124,903,1027,0.120740019474197,0.1008124136684,0.140667625279993
2010,25,253,278,0.0899280575539568,0.0562986557343827,0.123557459373531
