"year_cat","MUT","WT","N","f","f_low","f_up"
1990,8,63,71,0.112676056338028,0.0391258633682567,0.1862262493078
1995,23,151,174,0.132183908045977,0.0818588145295117,0.182509001562442
2000,82,513,595,0.13781512605042,0.110117265046859,0.165512987053982
2005,135,959,1094,0.123400365630713,0.103910615278607,0.142890115982819
2010,42,267,309,0.135922330097087,0.0977104304870637,0.174134229707111
