"lik0","lik1","effect1","df","resistance","N1","N","gamma","p"
-1670.42979477695,-1670.24595989449,-0.098000876408995,1,"INSTI",16,1969,0.367669764920265,0.544277193766582
-1532.29943048344,-1532.0174348405,0.0448391621476043,1,"NNRTI",129,1889,0.563991285879638,0.452656548077109
-1529.0033410862,-1528.67065460064,-0.0601591910682853,1,"NRTI",93,1888,0.665372971119723,0.414669466311508
-1670.42979477695,-1670.4225036359,-0.0122165762582123,1,"PI",42,1969,0.0145822821000365,0.903883414533418
-1532.29943048344,NA,NA,0,"INSTI_NNRTI",0,1889,NA,NA
-1529.0033410862,NA,NA,0,"INSTI_NRTI",0,1888,NA,NA
-1670.42979477695,-1669.28540487813,-0.956081254534317,1,"INSTI_PI",1,1969,2.28877979764002,0.130312334231576
-1529.0033410862,-1528.97233137088,-0.0402514999090853,1,"NNRTI_NRTI",16,1888,0.0620194306397934,0.803332155885561
-1532.29943048344,-1532.26633975286,-0.052878278696296,1,"NNRTI_PI",10,1889,0.0661814611598857,0.796979938830227
-1529.0033410862,-1528.99418367858,-0.0277630244433213,1,"NRTI_PI",10,1888,0.0183148152400463,0.892349195547296
