"lik0","lik1","effect1","df","resistance","N1","N","gamma","p"
-2355.08031224541,-2354.95919680197,0.104318956255958,1,"INSTI",16,1964,0.242230886879952,0.62259947349441
-2232.61545339688,-2232.49619518937,0.038289935726223,1,"NNRTI",130,1883,0.238516415020058,0.625279697273843
-2231.19336853402,-2231.12879039852,0.0354372111507862,1,"NRTI",91,1882,0.129156271000284,0.719308454860271
-2355.08031224541,-2354.88847660176,-0.0825026126615786,1,"PI",42,1964,0.383671287299876,0.535644945100852
-2232.61545339688,NA,NA,0,"INSTI_NNRTI",0,1883,NA,NA
-2231.19336853402,NA,NA,0,"INSTI_NRTI",0,1882,NA,NA
-2355.08031224541,-2354.59673929333,-0.821242256849583,1,"INSTI_PI",1,1964,0.967145904160134,0.325393015082107
-2231.19336853402,-2231.08343013212,-0.0996329454644617,1,"NNRTI_NRTI",16,1882,0.219876803799707,0.639133803722478
-2232.61545339688,-2232.59505027565,-0.0549025853272006,1,"NNRTI_PI",10,1883,0.0408062424603486,0.83991238490972
-2231.19336853402,-2231.18790217026,0.0279711742959556,1,"NRTI_PI",10,1882,0.0109327275204123,0.916725206785178
